Monthly_Amount,Txn_Count,Avg_Ticket,Dormancy_Days
5984.198474673091,20,1478.7572793212357,9.667758276571128
3736.161825538969,19,1279.6072785847002,83.04765149433617
3455.708960927384,22,1567.2061362130114,25.65122266322668
3455.7557358295016,16,1878.0846138445934,0.5927968231087504
11624.286030576626,15,1700.3326364016846,14.060689427240566
7166.765577410555,25,1148.610479463176,51.987778551341194
2827.6950043522475,18,1796.9835654370481,8.968934424977682
6174.536183578033,21,1244.9649831696145,2.483255715886628
4997.400660161617,13,1586.6732475857145,35.510219585229855
539.7873587264635,20,1378.6599730091464,23.285986918430076
1678.1057067192655,18,1412.4534993057498,21.11742742253889
5265.414093370408,18,1806.4971900162038,1.3766299667425455
10912.942168708822,10,1083.922512073641,3.785082552238178
3479.6304623978654,22,2278.078029710773,24.357889243761218
2645.068597635759,19,771.5655722822015,5.824287237486155
4535.018853680414,8,1260.9329266980571,17.533016301373188
2513.211201795244,17,1648.0847559766964,19.679946578217024
3294.3534528479713,23,1733.725666574124,8.33467667585606
4123.256197350662,29,1459.809711771318,74.1180308965136
1600.3432621097088,19,1477.043718799383,46.20254883931699
7425.1502355328485,17,1664.2200341310465,32.03696553258887
1337.9536156976,10,1407.572209016928,2.0300850740824745
1181.9836095866833,21,2057.2725031739624,2.8048737463522007
4834.876044720337,18,1835.7396456926408,16.970327446950435
7033.384519947626,15,1849.129740402254,4.380074329204106
4744.588935892676,20,1113.5373106518332,95.72131852941544
3804.447942711502,19,1468.2446302377189,4.314832770759891
3268.4535874586854,18,1379.8136205117185,16.70979524671525
2849.774576716626,26,1097.7594497242137,11.318676867622873
8594.498251298623,20,1644.0656735783068,25.498707837446165
5302.609848474805,16,1284.9416968880735,3.453877606352644
3043.2970341466353,21,1762.1615319400948,14.066855230389127
2341.516323278893,17,1071.9233748422673,8.029421389212988
6469.0473917696845,18,2187.616245136728,54.676008381832375
8458.604183505544,12,1141.4669365631753,1.0358074381056679
7953.024454507222,17,1587.7209348801744,61.25610795134493
2002.6176205283675,21,1816.743724155227,44.743159217407296
3246.244503219061,17,1271.7438279199548,8.830263670347124
2803.5874188002463,19,1840.9874573731802,38.931890136590816
3595.7202894649713,22,1008.3265608798336,0.7927770971953914
7377.72130840814,19,2080.8470796730244,85.17954402992463
10255.656143018026,20,1505.6597059863034,18.69509746986325
5446.217850771247,14,1261.4354368124482,9.034328582680185
2412.111557730543,11,1380.3272910290261,11.258288500738951
4052.1049122222603,14,1823.5677077570876,1.7178233059604506
11531.348837683961,7,1266.2178832598247,113.55374395030596
4453.9715038846325,23,1200.256924230889,1.0021177311788954
3274.2117564389428,27,1411.3853609665048,26.59854224784364
3497.1315295031964,17,1029.2151548920128,14.617901348215314
5428.783410120031,18,2228.2175631767263,74.35720533831164
2064.0793362631566,15,1273.4421635141107,7.059064163838606
2747.9927953084066,24,1832.6467144721614,18.98681303776876
7874.4309839356265,22,1583.788033459109,16.461698365670998
5320.319038307661,18,1106.1863798072127,30.339338948092365
4487.9021011972,19,1497.6181163149083,1.7608360711632873
8140.033911697585,16,1813.6011117242992,5.385248635305928
2286.714459453813,14,1424.6954659654773,6.037933637428879
3196.087293077451,18,1977.2451783404113,33.49965852465906
5197.325761953485,16,1908.6061571127457,5.24145645976733
5067.2864764934075,22,1867.5659418633318,21.303090032825093
1064.6139357460327,13,1316.1372910908012,6.059555220249345
2951.153534012787,18,1068.0630208874052,49.44468818058362
3667.4959259040156,17,1254.5649578548823,71.26287206336418
5611.51385507942,18,1578.4963762666882,18.27086144767408
5054.409103793999,15,1718.3146854129423,10.858534235923551
3930.982410003272,14,631.371438095821,6.666213409773271
535.2627047650016,14,1496.7547193552998,1.276569906042595
4081.6779861286514,17,1563.2356901292737,7.816454067201356
4364.097569463059,16,1388.9822974737795,26.54995452855517
18244.994471957176,22,2016.5095356063516,19.068698668143547
3576.149431576583,16,1668.7120297003485,72.07852430517868
5217.648806159994,21,2024.0767632323586,12.616005757516024
9050.531897202412,19,1413.6157918599072,29.593092075624604
7095.181741180902,11,1874.99099700277,16.80043720193007
10532.011451528699,21,2154.026557811008,17.9655335281005
1082.2805485192162,22,2024.6773797090646,7.791662478931909
1717.654735400814,28,1063.1433626285068,15.171979266904783
2593.167611105567,15,1398.5295689830475,15.909012420676879
898.2929871306368,15,1361.9341178200814,30.6590837836479
4391.893234020368,21,1695.701814030531,70.6033666602998
1847.9442764262924,18,1774.5414220058133,9.986626516786565
11438.021866705225,16,1164.4429303897055,1.0779195075102845
2115.502201113223,21,1527.135405566775,17.144118722282354
3211.258044674099,25,692.0290671375454,19.65686687211084
7382.405399260632,15,2076.778002320756,4.6113121743028325
1322.8451424187338,14,1295.0503037293226,35.72635228303721
833.9579122749778,23,1522.3455759377987,104.8747526736288
4791.429359444031,21,1376.1401144047754,72.86520008609806
5062.976214374383,27,1958.411030005366,5.488315677119083
7233.636599559576,16,364.99742344104834,52.05879228166387
6088.44305006937,22,1493.3558630696364,30.476622684550502
5200.559176425723,16,1457.6724970009209,15.12138310117305
2334.703542385566,23,1318.5454449633269,19.446448023374867
4962.112279092361,17,2190.490618254253,47.36145077285673
5185.935650401756,9,1145.0682164576915,16.35465000967496
2260.210732021294,19,1808.7184708942646,11.678488131956584
13555.188799446067,13,1642.5011154824333,16.993313662522866
5890.683926920274,15,2004.6077010142062,21.635770399118357
1746.1543636759914,20,1233.124366088998,5.239574502564716
7258.194763005654,15,1206.8124403504964,57.79259613502595
8113.487851009749,19,1938.4279629909595,28.03578811938905
5645.945871903539,25,1670.128523332044,25.078161107626006
3423.7995953473255,20,882.0250613292966,2.620023089262701
2176.7133651155245,19,1284.2779942146917,23.16951005076038
3922.742990880245,15,1654.5530615392245,3.223140736027661
5367.564864305755,19,1835.1056886186357,2.049175986864493
4208.7711242291225,21,1228.307738722818,18.73293478131718
10838.818042469038,15,334.2976040732235,12.886974766186764
6529.78208961764,20,1709.2892742948134,22.21751353034857
1967.3001359448297,9,1011.8717240224097,2.336407104854939
1577.9691370730595,27,693.0644807510355,14.09612696934478
5925.877787543229,20,367.0696300063437,4.80283497104671
3486.2563149233765,14,1825.5923440790964,108.76336571052312
6922.0303654734,21,1551.4469801619866,20.589952350413284
5888.26407146623,15,1409.7374477150993,29.073719630619905
3936.004698565651,10,2055.6097451851047,9.841561381822814
1987.651702650142,12,1754.929873209229,2.4882971232871967
940.4993117163049,21,2146.5200170887665,93.10837889055252
4896.551854244474,17,942.9058111332014,8.43087942806932
1300.6288340475805,17,1486.1797504184146,13.782866546773795
1915.5103235142428,14,853.3146500207943,26.235835123110547
4682.76569996662,15,1408.2470672578131,0.6251848064139177
4357.37218879823,19,1400.553658493329,41.552399563307915
1459.304891183705,15,1750.6454549052282,19.227940074566778
8730.816408808883,19,1518.2255524567593,8.150774961434083
8577.146076121022,20,1749.3628553119663,1.589687278882013
6059.785520939661,15,1781.3760532555577,4.433303082847228
6054.611135244952,21,2361.971470953257,56.35293615246366
6059.836972826829,15,1373.8813378855502,28.96098605856146
8066.399867142659,19,1123.5909197334483,7.18877608047514
6642.438402070622,27,1598.4334461265635,1.6962871389217906
2136.9945268688407,14,1179.0879891441825,29.32924581629246
3448.1212017608004,21,2092.7843073746144,21.23962920518033
16991.33049556122,17,1386.712784421907,12.959666934699488
578.7107976781755,19,1273.769452850404,11.298649330917288
2821.5742736736433,17,1311.4737115395528,6.109635390622497
8762.03139007074,14,1787.3669693886563,27.687132683479238
2258.1670655895914,33,1436.901206707406,88.22692890781042
6767.448220873058,11,1243.3332719478472,4.830980833233993
4315.486595992138,25,2166.1407670494123,22.72770346512279
2397.6122925741056,15,1157.5320637353,13.799223681090755
452.52804280289655,21,1514.2264296131975,14.795863641718189
4797.88129983867,19,1760.922460644092,7.33067811785834
2096.5233037071107,20,847.4659558331707,43.593508006993375
3807.218438187019,21,1692.10420056237,16.60212050644546
6018.25242481444,14,1077.9569298078202,19.599009046808877
7632.030745867695,21,1829.113112333601,9.087487055294577
2814.0808894350594,15,1114.9395952324094,5.01647050591779
2393.754038310419,15,1777.1076127395443,2.245666719804227
1278.265194820742,10,1942.3332265178851,31.30450329037478
7886.572680991042,21,1844.574610253122,5.461186185028273
15454.314938771522,20,1600.526659295241,29.285652226989434
8466.19095799917,27,1407.4796228281202,12.372840924543095
9739.00263160675,26,1269.4321694660625,13.436718893510497
2274.5852388057892,14,2088.4138763268415,15.83318953036843
5769.504162639183,21,1220.2019119329427,11.460119246198992
7200.173747401944,18,1085.1735705720016,2.651240415350437
1657.8464935783034,16,1766.147574013132,9.2632553754449
11967.880365664905,19,1181.5452787254019,27.246345955007346
1045.5335840024584,15,1119.974601013549,27.399224741742252
10764.142539739461,24,922.558295132094,8.42966304495336
1038.205319242302,22,1306.836064215793,15.409405166658866
1733.8441498619375,20,1466.9139904414028,5.374648755458597
5843.126232840844,21,1597.2366910642795,5.904835843740802
4396.036595679865,17,1880.5224977197934,0.5829206259250639
3042.691582942528,26,1710.7591694663174,56.76421581905407
11667.859513474601,23,1423.651112178728,5.915431164734773
1312.4317202551447,17,1420.721729448112,6.454178120281755
3695.7305013991495,15,1704.0629875660734,8.198766359059913
6368.487726247262,9,2009.028065171428,3.407181712551815
5140.952275512579,26,1550.52567979328,25.490144854507573
2462.7239280048984,22,1312.3476583158365,1.9529024347157964
2539.276459913592,20,1102.8535995657817,3.602603659698015
7554.249805646932,13,921.9178942351098,25.87381117477321
7796.728297164425,10,1766.5078688174092,10.375034118282153
5239.247082072142,22,1731.1914094558228,30.770570424839853
2022.9298429138075,12,1730.9454100426647,20.378619011302902
2607.584729779222,15,1448.5362214591776,7.393567574250144
4099.57047115882,18,2062.7738983567006,26.30476249282756
4556.926434795556,16,1306.352602166073,3.0901964342455575
6193.5902961952215,28,1882.1076948828822,19.218889110061117
3547.5680566079486,16,1484.5028420041829,14.36846873682521
7438.7805812555525,12,1256.659694128265,7.795051971571711
7382.369571686282,19,1737.0121229271044,23.15884220903974
9959.884207696312,14,1663.8544474735975,51.26330527987047
4234.824573092394,20,1642.7891037067704,170.41816910813918
5302.922105066597,23,1532.5113688224794,23.397211011583494
3760.5880165352455,17,1484.8427673132676,12.96749166795575
2044.4867062924973,13,2455.3487971481754,6.3789877856366
15225.240549587825,13,1973.702658078469,7.429714221652768
9133.5418200226,14,1789.130757994205,16.321972433926536
7279.607321129709,13,1544.7196632813552,11.443091492561338
4127.2652317304755,21,1902.8628802386677,61.281339785839506
1889.8702605274011,18,1707.1979105565808,11.483337656665128
8172.734773883007,11,1510.4819011096142,11.687951666251047
3709.834476757095,14,1378.574269893634,12.093823479599065
5646.540794305786,12,1467.6330649349247,45.29194476666529
2599.2261301411827,18,231.8297056487777,26.30192525300923
5008.354379112467,14,1584.2403357190567,23.808886031991925
2735.3301565506126,17,1304.6095679558562,10.16700949568971
2823.798799416757,19,2137.0679993131535,42.580555738441475
4961.3734456254415,17,1507.7376283247017,0.9779783530633728
1022.6636877347715,18,1024.4146321860153,51.159295048630305
1074.9226965203015,21,1480.047938348753,17.97444337345274
2251.4360947573036,18,1081.5515659749983,12.69783981549191
3515.0378863776473,24,1689.3629662849867,17.187443255847082
7592.9822822157175,18,1616.378945735794,27.521535191063524
3671.4907908375085,19,1883.1358524433072,0.3211901170905602
4107.200935598771,16,1183.6472833221737,51.30575020750573
3302.7363584535474,20,1513.6032384912587,14.798159180467865
5297.43632434663,17,953.9912818293459,10.500507560882477
2026.4488968168116,14,1780.5979127698859,3.7196231957493406
3825.409835002707,17,1707.5484721760488,14.47160655081679
5602.311981431445,22,1698.3220084110283,17.145490882044665
4932.577020581509,18,1500.6476125427764,12.923049826899868
4207.440749106457,20,1665.9091563155164,28.38139545883378
4246.274593865791,15,2141.7356433234386,13.656852764228205
5989.475817029432,21,1385.9622971831943,81.37396227141681
15695.49799219737,23,1555.4580734840338,22.862153891516606
2148.342083380422,16,1065.549480327436,41.1886127958146
15983.38081696264,17,1152.695615360667,2.895259340807758
2064.474028323215,18,1539.1253172373229,12.65803179627568
383.78373819745264,16,1941.5734186807629,10.268765098369125
2689.7250236328964,25,1397.487670299371,21.069176142483347
5369.873152088377,17,1405.6333882751505,49.352459265367266
13628.992039950512,30,1337.2459021982502,2.0394238317200464
1887.6604208803715,20,1286.0973316622708,1.8835783136163484
5964.520239006962,16,1617.9885822835286,47.48100713798517
1193.099861624848,19,901.0969419285422,5.983414020628537
13313.474220750522,14,2012.375830666691,27.622293162103073
9250.19952752638,16,1233.8310807482158,19.57013137107496
2828.439649642027,16,1788.7613941752566,44.72811282748555
10241.731977695792,21,992.0005610424496,3.340825225722465
3807.8159432780167,21,1767.5360522184874,3.475315843949873
9574.551531674184,14,1768.7778431257989,20.34438927569748
4183.613558730875,18,1653.6808288023585,73.14520079874487
4320.142631694485,22,1102.228591280083,13.403489997818937
2876.3471982560695,19,1599.8192758392308,9.89809801817433
6517.521353691407,22,1026.7775261062443,23.328886330002874
4567.1032014157745,22,1398.894697961526,66.64223098120875
6057.31486205308,13,1911.7652403821303,45.33906082181865
917.6343462324313,19,1818.6807708282968,135.0010609789922
9800.32685148629,13,1506.0731770161733,0.5706787856984387
11445.727898279061,24,1110.0773696308634,2.993759560410368
4551.26647207792,19,1758.2350848696774,23.506119022787264
14984.266604762228,24,1507.7524950792101,42.95015019057338
12787.604141027865,20,571.8737607078307,8.395363304641847
6615.97960383249,18,1813.0519305266073,6.834983550865757
10328.736580090646,15,1490.3068664521231,38.658737544952636
8601.310620641245,15,1980.9804991932288,1.4508425217948955
677.8242522592326,14,1061.8917924628781,11.526400373425732
3356.240797364866,25,229.31847472159984,17.62084118154182
6938.076933899342,14,1611.633543338074,20.54433269807531
11943.143245946361,21,1616.625470672789,32.60543449587365
1111.1097957858813,22,823.7313489574192,10.95664505769422
732.4726799539451,20,1108.6001816533576,23.7128817893957
3989.9462356422428,26,2602.087097487961,22.009545035256004
422.15711348976,16,1377.7557543384787,19.830603119844938
3885.6008605750458,14,1792.3835905504864,25.574865760435816
5465.38629242734,14,1239.7360690526466,7.509025156586331
1809.8144888074783,15,663.8788404587374,2.2111852876077758
3967.6269799229176,22,1431.896701281638,3.1751517102525826
8072.119190540967,21,1393.7581758855579,6.358838341763802
2678.8851925027134,11,1340.0487045326513,17.338578249578596
2095.804494251814,16,1454.143665797443,45.883812260287826
3830.6859763517846,14,1605.7073086582545,30.20733160953448
1638.9667593486477,16,1439.9532194984774,38.9022400250242
14268.524998830406,24,994.3975328210545,10.807125088686758
4281.518701411539,15,1694.4739166247755,12.965302397318162
2291.753768208505,10,720.2512978710307,12.50876225090989
4896.142728904151,21,679.8570170863198,5.325907069549366
3814.5424520125316,14,1795.6721978806272,1.5792639811011842
3493.4061504863935,17,1702.8081088541428,22.34587479921153
2678.2997367440375,22,1477.0418539703855,113.24387750977614
2570.8335247880996,15,941.8205980979712,4.562930546885841
940.0879718553877,14,1216.83562373037,1.1952426467507975
10318.35170693203,22,1394.9013009253983,37.80003190399098
6318.257275878914,21,861.6424125703546,7.278400986177541
5254.11539169745,23,1204.388536790707,44.246594282586024
3767.300052502619,19,1760.932135270672,30.429547120590083
1780.9796891521798,23,2070.9221457156864,72.81859559066552
2171.2443299543775,21,1332.2260989365798,13.145403715191625
1055.6940598208726,21,1802.5953417264393,27.115503877137954
2408.855348486584,14,734.3759717650131,15.630428279662059
1560.035884297748,16,1763.7804964454447,24.89611535632211
12328.36634356377,22,1178.4206341090076,14.927700118342182
7709.037506464429,19,1622.938246683188,5.225846767755718
4421.393233921181,17,1400.8990327041163,17.726702004140254
1959.2354337894153,20,2028.1656039135337,18.800369372703443
1635.49720877713,27,1150.2257406640329,41.59786041500112
3582.0473257061503,18,1751.0425190247324,33.249807838037576
7927.710819125926,21,1388.1970146813867,27.250603610049453
1086.6004874912078,15,1436.6778087961345,3.008670044866774
6260.550964940115,20,1426.458442736316,31.879228493553676
2399.751495792128,13,1161.7307582023548,17.343941989639696
2783.928492665527,17,1494.3604136373315,56.131391147371126
4325.239697732748,23,1474.9407111512714,63.10291552370377
2019.0344585484595,19,1596.4960993626917,1.4184017389847265
3442.0667991146993,29,1533.802058277145,42.95922548159796
1870.2960981057429,18,1819.1978198448946,0.9606578702697984
2568.6047671334354,13,1869.4034464189474,11.438821595770277
7111.109505978467,19,1079.7506712688796,19.538531951464204
4495.553021142986,16,1847.5090002363083,4.007176684989906
7092.669564758285,11,1025.4654291560582,34.291431458919924
2373.0828950805685,20,1735.1423552550941,0.20974500821040806
6292.9092762167675,14,1747.8955138811475,4.616077690744479
812.0013687171959,15,735.4732433349984,21.734989590786633
4323.794940487941,24,1537.191698611764,31.32798747938504
6586.226264618691,23,1312.6015546558738,62.11559805215594
775.6951387309067,16,1196.49389682585,30.561622682801882
2397.085916005226,11,2040.3409322796022,27.85172350979167
4321.525053054535,10,1238.5283437450325,12.535959980019673
8331.401540239927,14,1177.4492283527802,0.03213127770690072
2568.3229840348904,15,1530.2779760020373,3.2003590930980397
6121.178599532626,13,1774.2358985193666,19.119009092174124
10765.93724118471,30,1443.3405655959493,28.108245632132657
6320.4520978979035,15,1966.5482182677008,13.508432861822369
3545.096304818775,16,1712.3902647856362,32.79628362655597
5482.992659388401,14,628.7154721074279,18.44641257250239
2505.5086007412815,15,1288.2132145971966,1.9267834615127943
4452.4287276133,20,1275.2631602593203,5.330333331184938
3684.1461183366964,14,1691.744381371769,45.81425897711526
5354.013952600447,13,450.0731774503554,32.26667366594423
2973.696991332144,23,2519.6038834870888,56.28826759401904
5573.817738269308,11,1712.410437957684,3.126534095101855
2950.283854543843,15,1559.5507215670764,115.69187479048657
7658.003931821221,22,1972.6270865676586,5.874290509415624
3200.5209469551705,19,2437.46162112505,0.29624521922927105
443.0572268512838,13,1848.2986578353612,149.02764243594922
1686.4711789388973,15,1879.5252385886479,8.249917198483416
4226.394875263178,11,1552.2760097857529,27.566972592188055
12257.299821900822,15,1443.3896986532206,4.86032858203145
7457.744629428757,9,1309.6818223980395,21.701121001943342
329.1742048463264,17,1169.5552033141832,58.5942899043626
984.55595526781,19,1225.194360120201,9.648223474942363
9055.57376658116,15,959.7776142628068,27.735813630283516
6560.8112353951565,24,1469.6514197259908,5.203405321544711
16631.707001478557,14,826.1329691094453,24.507094959560526
2852.9773682121213,21,1576.3666096574843,10.253790007599822
1981.6466045627933,18,1485.4677567830634,5.931323639020805
4401.940098485159,16,1558.7741193546751,9.392150390575708
2807.348111062461,17,1291.147371992003,4.925965136203052
8492.492957388842,17,2730.7441480722014,58.04830310090915
2727.844855328073,12,2044.046360072125,12.653701446246258
3354.9330506658657,27,1002.1829999661109,7.035188463533247
1738.7867587110547,19,1593.1472349707592,14.87365870509468
7118.474818610715,18,1256.7975428250706,9.661281810602384
1842.8040218313365,14,1094.2081093170345,34.105422180605196
5648.530856470524,16,963.971171550426,88.70178789675016
13633.43722392248,13,1672.8866763037015,14.407832956103164
658.7878640716043,13,1227.4479059721705,49.33804155738009
11100.404203370295,14,1887.1304096100816,20.859882398260762
5137.154126036216,23,1897.5128858121757,4.276697883376663
1487.5181363034314,19,2049.5657540845796,29.32984618407196
4529.803427159199,16,1159.0452935703586,18.009593634061876
6975.434479924713,16,1690.146244276804,26.288913783127672
2100.7041014816373,19,1752.9816866569204,55.110930982583895
5881.075983064105,22,1310.328729958414,14.514870388505683
11713.893362612762,20,1191.29121704285,57.86078035545058
2724.927541493717,15,2143.808266310389,34.72435013220577
1719.3205292869238,22,1590.9983502928214,16.765321207863675
3773.7336746424394,21,1754.3871002846952,23.109467263895503
4349.118180068286,17,1171.169595268829,9.84759739984936
8789.824770266985,11,1012.2862133911225,102.75773269076439
3677.220844172543,25,1272.220090203156,27.516697227974845
2935.1909362215315,15,1450.391445044001,1.120929565688345
1679.3852172490522,18,1074.3119972730606,9.886207571315005
782.7280602585722,21,1496.0620765398469,24.40861203354294
1236.0510570098459,18,824.5979247726,1.4495555922269965
1228.7184542428822,22,1051.981031012051,0.6043510793214506
3383.7409243933557,23,1768.36449931075,14.947026839888643
954.5730357668162,16,1741.5162081111575,10.112521067513097
3993.875869297497,19,1343.2492938452535,14.419622532866521
13436.360296826486,18,1092.894276369219,7.61878350544648
8962.810095118763,9,1089.0385793895957,4.499639590913683
3357.6887469621934,19,1350.6927016234745,29.21058569989954
19212.86493511973,23,1757.8073966581164,18.06806206123193
4360.730587431485,14,1871.2982765377299,5.583408348932449
4839.23790893677,21,1301.3873058072124,9.626471952624733
3717.89627519145,19,1038.6030296060865,22.400435020642462
4061.8474021022334,13,1607.1374551465333,1.874267981892079
2647.352964570211,22,1170.5860117496602,3.9881737562046595
3396.720124669314,21,1292.698944455519,1.901667340502528
11149.778629629092,22,2030.110436174815,41.82506705741666
9621.099424002721,20,1830.8461714263071,34.89945074267797
417.99861007901734,26,1563.1897249005806,34.99086690686481
1074.8600204881882,10,991.2323995549109,31.498181827851475
2126.6890019819866,23,1584.5586269882635,27.670050100860276
7974.887294387284,22,1925.0629163150106,16.20395892171912
9765.424346796186,16,1349.7465336937858,25.699989690840326
6956.819044150996,26,2040.4456359946862,0.9779183884658618
1481.7389643745776,19,2017.0981158072827,24.286130372479583
2692.7027509926243,16,2165.4931328573894,37.61317932065765
5954.094897411861,21,1622.097250612541,17.34660395739614
3438.1545048414223,21,1734.9566799224049,11.060230176544172
3070.2364526592137,16,2065.674915332436,8.123411475423733
3106.860581440112,17,1678.9575748275902,25.73662923829424
9140.18203224233,16,1299.506356883915,29.506504487657487
6388.997343868318,26,1320.5828653888555,51.19229355751417
3245.331692011378,16,1595.4219815094957,10.476455017429915
5310.38001208373,10,983.7754312215125,36.717162296630804
1292.6627025530784,13,1442.696433854323,20.601668200693073
2697.040902377528,17,1938.6188472921015,53.604620105711035
8552.138618493607,15,623.4984595338876,18.759457424069982
891.3879567500555,20,2113.792840717806,18.226086720250997
6444.557566065774,21,1948.949687481264,21.56146827881068
412.076515687873,21,1316.0941536678095,34.588988119150635
12390.430379258696,20,1717.3563311487237,83.59006574594663
2643.7901446769065,17,1501.2590907625306,1.910240393802037
5592.191494040254,15,1991.9961473754734,1.3728804143466968
4546.315010901841,15,1893.0732571079766,69.33486113162084
4670.832557418147,13,939.9717107267963,18.8689498182114
5241.135746811213,17,1734.9049653856707,23.856501655066328
725.621196251138,12,1417.7488585427009,16.464953374254375
4742.819440632886,18,1533.13302820724,2.4584489191638923
3600.6245547470635,18,1208.7312396120738,36.535080833724145
2656.10500181654,19,2199.254827648334,34.381352748626995
2125.683168259513,13,1916.0247279610303,9.338382880910892
4831.256067459616,16,1204.091534410813,9.140702791704411
1739.4914563688142,23,966.155757235907,45.479507314305614
8449.066529123367,17,1345.7309476088608,1.8777149083146756
5885.662659137746,22,1673.8010584365222,53.237894402747024
5048.828815029021,19,1596.0823375784892,7.4151002002801265
8211.084519717253,14,2001.2531299072973,22.472615485986967
601.8564806134959,19,1815.9678888723408,68.71953116653061
1251.0181027925448,18,1887.8276103011626,28.339606134450456
6070.662109297958,13,1630.742160244175,13.379230672460912
2235.8427888782367,17,944.280507915604,29.242038932164593
2488.2284626053506,9,1421.7205875412394,10.5390862079798
1075.9728977432612,20,1924.0358959634661,8.117588576257926
1744.0015524791381,14,1479.3908285901416,142.71945783768982
8576.309127043602,15,1701.2361474494987,34.7365073028501
5970.256053271732,16,1372.5006739015466,25.871225108382887
4792.145928430311,22,1088.075260583262,10.973853057460614
2571.2555607829418,16,1450.6623743815558,1.2602586642299116
4572.987246748902,22,1623.6189772130615,0.7887341103185171
9085.494775991641,14,1237.7249122154226,20.196070297936412
2284.285051318466,18,1405.7155020573325,35.89055245299308
4054.7588891752557,23,1124.2147032056068,19.271188657197165
12893.268222203624,16,1947.6979670256383,45.93750601853115
6893.780547876211,23,1382.2176969647865,0.8499492467119486
2602.190983790009,17,2081.1022180504733,11.422331727611237
6512.999526914322,26,2111.4991402163632,6.764737693797662
875.7842353214529,26,1467.5816141113025,14.822275315774313
3931.021176260391,18,1096.62050698106,1.8782306146661165
6508.054447842049,18,665.6408489066652,77.04949396198997
5518.150301206655,13,911.1851707892833,6.316092103840984
6464.3292661088635,21,950.466070040536,63.8750024297434
7479.254428436717,17,2051.3878509846018,13.873493973339738
5831.313147906893,20,1546.3298348907783,105.88180946435813
5712.750570640001,16,1655.841809636795,20.189181003753426
4873.563457084049,17,611.8315964259497,66.78073612505311
1560.8600143283052,22,1020.8134283130953,0.13408364385756896
8573.755911162678,16,1854.831910578515,34.48185710859397
4040.3023596233256,12,1614.7096449530345,58.33916584510514
6775.938012793276,17,1441.1178885257611,3.7624505098211976
7987.857098432673,20,1725.936943440049,2.5266286199836543
2713.2016361851875,17,2154.319122454326,13.816055560971327
2915.775449311035,13,1411.5830145851799,67.83118186293807
3246.354502334599,8,1527.7479210632277,19.54326172836608
9675.73098386316,19,1577.038767492522,18.740634900538183
1894.9181687278833,18,2456.843854109597,3.803329692076454
10798.844109479187,28,660.2574942323897,0.01974557303101339
4833.783928246666,25,1773.2892059155233,41.53671996221176
5089.363501779762,20,1454.0791004963746,2.291222743144979
7747.972334303255,21,1726.7086904736718,25.11779246048487
4437.919269973125,20,1237.05097840211,61.51504681434744
8638.283893899768,13,1480.4139876566198,5.850433719849464
2710.1870876011785,18,1784.564231786198,27.36098788796939
10571.306167990324,17,2745.1640804175363,2.049200449859083
2887.8655572950483,25,1823.2144757608285,23.143073379214123
10837.90481421548,23,1160.7737607877966,4.476124893289514
2952.3295199682952,18,1330.4961271909187,33.290757104154764
3321.774820756284,19,1318.6343566464584,8.960887133635318
1693.4486178655834,30,781.742730947994,15.562139631733885
2147.408343537123,21,1367.963923319425,22.871702484122046
4055.721215733299,20,1793.131632728698,4.696624651136084
4969.226747787833,27,990.307152369282,33.834821866606035
8219.363606960134,22,1919.393060420237,9.011349768629302
3513.4772067370022,19,1695.1099284337351,27.14525415987578
5526.764031611186,20,1206.306671211585,4.307787149548375
4727.308239071387,26,1443.388145064861,29.128231878461257
5966.701774592459,20,2139.3287230564133,3.429538954097692
2428.693631962772,15,1793.4191254023463,13.85013559933142
2677.1080560476234,17,1503.513461959259,7.0990939735187
2429.4883865982397,13,1404.9266732156063,34.49540965730379
9302.89802907142,11,1530.6436281806639,7.596472177192711
10638.430691203737,11,1295.2945768230786,53.366945278435416
2582.7157315486274,20,658.1001977123941,55.599018168809586
2626.421685554167,13,2316.8711642138924,5.467626500862378
6561.466287640432,32,1562.1299996797607,23.78797207353487
11422.65771686696,26,1659.258906049015,2.29514333619523
13065.899065036574,9,1476.8369000492364,12.420483433898264
2485.3208497669552,19,1205.9532797101647,31.23486751844978
3036.4459846100644,15,1425.6302076204918,26.927869143125417
5159.067902436055,19,860.2420951222755,24.500783912502865
5342.022418303232,15,2410.8345992213217,8.300982145246952
3621.2665209694246,15,1006.1952006310416,11.87138246695805
2084.7511588531165,16,1087.2134864611282,2.715984484313739
4060.6617110643347,9,1323.89631824544,31.73704561134253
13056.775282942976,14,2015.230289940951,17.5238794342171
2709.4049275429293,11,1505.8035997050617,30.840673720812262
4931.47720675712,16,1005.545681587815,7.156860751030419
18800.727069297503,11,2001.7353443029358,9.805267009171349
2677.416109766129,21,1792.4002507141927,10.16972474858253
6777.682367109972,18,1715.373982886581,0.6519885981510486
13420.524722016755,16,1786.2936964683363,10.427609794447518
6378.50381872574,18,2457.7447602329803,40.652470127324804
8867.090936676652,19,2374.037958014445,56.898212878054
7415.368997700731,21,1225.3138627986818,18.256605113562117
6027.6879206782105,13,2149.5539971244607,15.197261249105878
10408.91160214664,16,1653.2672759035602,0.7827422853535791
6630.635506788523,20,1699.6383264550998,52.84137253224659
3650.2343411438605,21,823.0916673426685,0.32738968878520863
4658.346972683519,20,1431.8456938447216,72.39720975884669
5473.41531923458,15,1174.8705638653742,16.795224140099194
3021.735947767012,17,1831.2235259573238,10.46126996935432
4814.369161839807,20,1928.432200161122,64.49750549104148
4318.344123996709,20,670.2054595934754,0.617334513212888
6616.4550473764975,17,1491.1860543982918,21.77247356189253
15774.331008275825,21,1948.744601917701,19.90345843967178
5024.488283458582,20,1425.328415074622,6.189761453619929
11613.035474200848,20,1791.6254580009459,14.0042236440469
6452.704367086838,23,1640.4661870508337,26.407793122209316
4798.430228522107,18,1636.6640927810506,32.4691043492316
2885.512685087835,17,1391.474008772681,0.01792789431607717
4825.006261252552,16,1013.3676783457162,69.05741870562035
4610.727176702423,23,1051.387941029989,4.493882483064988
2290.8973927947804,26,1783.7410057821269,6.650638079800348
2610.559281354393,23,1507.7833022075533,7.645249725069834
5506.536289380024,22,1444.5951021571102,0.9638469387921575
11536.95065814758,22,1330.443983071059,3.282693058616644
3958.040805661787,15,1377.9244618076993,107.35025280626915
1022.7528126363651,22,1918.7647177952558,9.466322392921438
1663.360798936188,23,1365.9023672527892,3.0626976733214244
6896.510189551092,20,963.5741146793725,2.8289728058711225
1249.965693158452,16,1797.4607102160694,31.775971161212123
7664.4591683935705,19,1418.049334454113,48.20128053772314
6637.1981796148675,20,1512.5583462131106,7.424875911777234
3854.704522765321,17,2143.0313225598043,0.528280301403139
2308.7329891781965,22,1491.775777059797,6.3107697295273155
3435.5694522796875,20,1615.6734692474902,1.4543886181759034
5409.335979779493,20,1028.43060348067,2.72849499939689
1292.0329365252262,14,1412.1322190596159,14.119206220673904
10779.288276213914,12,1743.8104180834405,6.531468947131472
5373.5791424761455,23,877.850506463503,18.13896393221422
5821.5186041303905,21,1580.3380372462839,7.308782349915793
6604.331696369826,18,1540.3164290579225,70.56015180783972
10097.106666061438,16,1516.5149822349758,59.09661471024891
4833.664175061795,15,1914.8635594632974,20.914246419413747
6899.433884142199,20,1633.7754059394085,10.940308125675287
2342.6807277083376,19,2091.2287593425776,11.997183092182283
13100.937110452604,15,1102.5641937623855,13.269428587293572
4593.94828568399,30,1554.3698268873393,32.51019494143344
2332.4515684824073,24,1533.786714555979,15.020536040616514
2886.1447676638386,19,1072.2982024979678,48.575598592431874
559.6426312176849,10,1882.5180008365385,72.10244070555414
2870.7018064196436,19,2429.8693223411274,10.23480096212086
218.24814095032727,25,1493.1975702064676,20.564004144145247
7252.194732515462,13,1702.0084353095067,2.4970702217959433
5696.193736342612,15,1533.8073903261309,5.593250824222698
1760.1185865417428,22,1214.5661320371296,13.33810609528418
4014.5681151492404,15,771.6958888791935,5.773179000801113
4155.050333635046,15,1217.6906067618538,52.30010117161186
1434.7570203616888,20,943.2166476193074,4.30788235274674
3493.4217207024376,19,2181.640831223647,15.204568415577263
4254.04410638211,21,1453.9561224307045,23.266032795008094
3418.7358532790317,20,1361.6322683811318,29.430343424445454
2330.4077402010503,16,1855.6615299151224,12.07496730181507
1697.9164727839814,25,1051.2995588576448,50.83286229223026
3323.6741114304687,12,1193.254384798179,21.001718485264455
2581.7006156655243,21,1527.2289076994484,14.473497945715657
6301.342619504562,12,1911.5075965693923,1.740200642781839
10511.429844259463,21,1700.6740180675154,15.62270669148313
7920.062372482724,15,1599.330057006353,42.972370283923745
4362.101216250905,18,1531.2470940944065,23.833012357231077
2408.0403859784365,28,1660.09434221071,44.618968847369274
7775.151440443692,18,1580.661162051702,17.031041859654117
6571.2566761622775,19,1088.0110900892257,3.1521708800028754
10028.793390852117,19,1518.4316886532606,0.343343078966456
4837.50801459558,14,1070.524536432899,9.032122648982144
12655.98388893042,15,1532.4330171603294,29.93241776932968
4838.617520206108,17,1307.7408234047034,39.04715381471112
2398.01946080837,19,2515.752649113145,8.76564743134369
2791.927032377966,16,1484.0422464993153,17.11231454107653
6092.158951663943,17,938.3041734953645,13.666454605391015
2575.7915414616223,20,1446.3279157292302,13.212980251273434
12599.068671421519,12,1707.7434982551551,6.57794688802943
5739.501569715951,12,2169.3455784610096,3.665303053952887
4290.529855269184,20,1264.2190400245127,5.475319811177067
4566.196406552001,18,867.028810390544,1.423053645218646
3389.9668897640368,19,1826.7348045723925,5.520242603373225
768.2855175886344,17,947.7605176401395,0.23108718318890906
2793.6558093150097,23,1325.537823397006,24.671746562717402
11590.891644246069,12,1396.9518057956025,9.508658830952935
4933.874979218526,19,1472.1466186799566,90.43231275205804
8542.181592316489,11,1775.6657828297343,5.383013611324852
8707.739326187719,12,1226.5462870854449,10.609645924119803
4043.6127720032655,18,1390.5082991332956,11.07298973620918
6646.542538372297,20,1494.2918588202447,0.21218531158394305
868.7662734178624,20,1559.8391830075152,45.691084566525824
10979.870462531551,15,1539.130869883169,0.8129367182634052
10396.63026993848,24,1674.402310089032,70.41031157457762
5973.178357359851,19,1837.5358038566949,55.657818124771886
5065.883714851586,16,1657.0536462603873,19.171022598561496
4084.734235809649,18,1681.4342094036874,19.609399135106507
9213.387527117084,21,867.1107333014089,26.516871716229534
7186.539901975403,16,1520.0910796662722,12.23679829780896
3102.9483013090153,21,1691.8030192006433,26.04792796007058
1496.9897936975979,20,1791.57647782818,1.1450360743075696
1229.2866373218192,21,1223.0596903064823,1.3890764308328682
9148.341367705323,17,1236.384290044542,15.276759865806621
4017.0583580749926,15,1270.3597298865607,19.941717934587018
5903.735348950443,16,1714.5655599565373,54.690738012465744
4419.558773101098,16,1913.5524219696836,2.763811314666746
1246.0822105055759,13,1337.0159570833594,43.240460254325185
891.4425353267428,16,1863.1849254508195,5.894556398481375
2932.0386829369104,17,1549.3919236658376,12.525333407132692
3139.655646953185,20,1450.2856891350255,9.51696255304421
3138.037506484575,20,1415.4463080728124,12.777111134160249
3212.4151979474873,13,1798.644545840863,4.077550959541119
15105.8070934922,19,1630.231126714828,17.50782355555253
8454.899405884516,17,2410.330171059055,40.44211934160649
4985.848801567033,12,1159.1101428010704,14.564038956517022
3939.820551469717,13,1707.2406808119904,16.863709188849736
4047.683295196497,14,1288.3195960753949,47.22343637883444
7006.758439723919,19,1152.2852052045425,30.609330000483858
3911.546612558168,24,1495.6531451860112,16.85589868838087
7878.9980621033255,16,1554.9409917628145,7.44989855679986
5387.982080442402,18,2667.269422024037,54.05465923625613
15194.537709686749,17,1426.3416737267191,21.510783301148876
3732.1857199241217,13,1047.9285082061265,6.248343443238314
8864.310446203326,17,1609.2042869977543,7.837641323765126
1630.8994920099876,21,670.1439849814527,40.630683922665405
2460.293797631709,23,1463.2172869582937,1.1287409780366597
13900.026440366755,18,1506.4101129180642,120.99760061344185
7652.886532669511,31,1817.8401531780846,3.4916594653382744
5979.958488007472,21,1889.4488997711387,39.749281259410964
17733.052061258124,17,1298.572152436913,12.553887816446624
3983.4556839991865,20,1439.754394148027,16.942486990787607
8850.133716037719,11,1193.5516677557316,53.14249411554721
9291.951522827201,15,1048.7749780769225,13.314479379483036
11974.535056928367,17,1623.9579117522537,19.277380413736793
1453.8991957881476,16,990.5657805613603,1.2639092130024343
3963.0702257525236,19,1334.1492397712548,0.05875583759652886
5320.361965717282,16,1101.930416040305,7.019312399644319
11846.341140959303,17,1719.873274516104,28.53145276805741
5808.544331422146,22,2220.572039706595,3.2317946086747185
9305.401092360624,19,979.3648068786675,3.0192423735356013
1327.7425281407754,22,758.7926068409723,13.231555454278187
3278.181596701307,23,1450.045245859973,26.091531300422638
10370.618981945581,22,1506.2791183831034,31.126120079444046
3632.669484185466,17,1587.463722702919,4.914082490120977
4217.150353320852,18,1321.471793906262,2.0733510802895356
11722.37155723557,14,1419.7442804698273,70.50124850336901
1987.3214139341583,19,1647.004164216241,7.550150386718253
2425.943141518668,22,1916.1723570579356,47.992065029735144
1189.0990230625107,14,717.9804918726869,49.784200808663016
12030.621601477744,11,1352.424224387415,37.01760874932226
8349.467789357923,13,1585.5235175764253,4.623131787554666
8206.39028889865,14,1132.8095581557056,43.121423820882505
3203.7491588644593,9,2192.46785270692,36.660570729607166
1098.4937942799054,18,1245.8360479085052,22.703289592554075
792.7832937098236,16,1483.4829251970868,10.282126599928404
10421.47729119278,13,1722.4088387369163,7.612521440957838
6264.531238217847,10,1263.4860844792422,3.249562779162397
7127.426559892957,19,761.3707808782332,17.82135572254291
5141.693222419684,24,1328.5381892333867,22.002639302487406
2176.235193708181,29,1911.7762223708162,11.131370207712669
3324.8546455134524,11,1365.2419492859447,16.126029720571367
1721.134558106668,13,1161.4262794164085,11.294839377462948
1523.3725448343275,20,1870.2688838010886,25.611244084895457
7888.818239497856,15,1367.690041590779,57.88142807644635
875.469501060374,13,1295.9356745399132,4.475782252980715
1732.0840660630718,12,1559.7824358653238,12.007766512809503
3482.9033680189555,14,1808.300083847515,3.795835118173678
4516.1019024606285,27,2452.6854126930184,24.516982966833154
1173.865512838882,16,1830.8944430629692,32.628968686475204
5756.103789349947,10,1963.9359865553376,67.17412631083033
4931.932896038436,20,1297.6135204048578,8.17346309980522
10302.209675833145,17,1089.6527576122094,74.99913344124636
4573.975250992737,17,1524.9325398476492,1.6338092207625283
6177.632617529968,16,1542.8679661038384,23.09634798046248
2286.847310880006,19,1068.594903454161,1.4707436967279583
2372.468325080488,16,1429.8821880383948,56.05470366544709
1303.4163106318642,14,1659.7270406876523,18.865410130670927
2306.5626093114406,20,1644.157358007232,27.667246925249717
3285.376437511116,18,1701.715141353709,44.531458872463176
9630.444582566164,10,1616.3858920549771,4.072110862575643
2010.292205319124,16,1297.1965362919777,0.9838986678146524
15632.811813613414,14,1294.4397493404626,52.774573757728064
6565.158696386596,16,1020.4194408024496,9.455974182711419
5649.970755942437,17,2213.910015674038,3.452227162383887
4309.673153382872,23,1505.3801458477171,15.799478817422456
3709.9999013148276,20,1410.0587776820591,22.80162156725638
2613.940214540047,17,1128.4831674190166,0.7865082631563929
1124.9372587312087,17,2674.263160931111,8.035992870937617
2073.832203427352,20,1070.6687871108418,0.8337462423723981
12011.663833855733,12,1328.4608297575705,13.632639998262144
6286.047878199717,14,1666.3347345144243,56.36870101662973
11941.717559648256,20,1740.085186297711,101.35754433083063
2557.144334435393,17,1883.1728220862738,25.337086367153027
1674.7186114617061,19,2223.043403107705,4.407623140392279
4277.641496234929,13,1702.4630621842848,59.071488621743875
2142.8977240537965,19,1077.5876800133328,18.15456337008584
4967.670442244588,14,1397.2219499512873,4.1734910469769115
892.2350610158132,22,1623.1329490055539,63.688708500713965
475.99671374946183,15,2327.2904166023295,35.41564877159945
5494.2813885497135,19,940.8778086302812,32.89172935212242
12231.707656408109,21,1981.030602090091,30.876329498353183
5670.635399008952,18,1571.9657478185668,5.589210448195036
6240.916105341045,15,1835.1322140917923,5.924935985596154
4416.818519804748,19,1459.2021133456271,29.142290748106152
4737.527359864496,15,1163.0269479494696,6.202649346974126
1066.767794615274,18,1800.3491117605329,14.436233348467182
2215.05096601478,21,1761.7724108422485,38.081714762806186
9564.87044399281,13,1888.8227862958888,38.30642679586343
3226.6194396688657,11,1494.678145848546,15.094628787076555
9436.299111960088,19,1260.0711906720603,39.27826953136519
4640.996576422062,18,876.4852019904633,45.600114421581424
4817.746273495385,14,1827.7493072557627,26.589026920733893
3246.5066084815912,23,1669.5557929775944,6.483062582950122
6895.391307167274,24,1113.6869468544164,8.00553726788412
8079.94616897658,22,1284.5705306813502,9.452614442199181
2109.886909288525,19,1313.2964752194239,3.105206360925151
1177.743097637685,15,906.8062272070327,7.976209647483053
606.0143925507473,15,1172.9270413579466,5.87784854523163
6030.649625631059,19,1046.4678572774583,15.189321924540566
5550.83462055858,17,1335.0083952448254,59.768350065197765
18503.260595977143,11,1204.521000668175,2.758776938716998
4436.389121140102,13,849.1980316533005,31.848075128677984
3855.5816270654514,14,2309.0360922277923,29.06141662255043
5090.625050571698,17,2001.0162924116923,2.5163512853934025
5293.570893894599,20,1188.3922313920057,63.96030090404518
3627.111457592676,26,1608.968558661444,21.01058372781453
2172.510244540343,17,1666.986035928518,11.303130955010472
4258.284380862143,20,1976.4343419093907,35.31992006985281
4137.304473915489,21,1172.5579893359686,7.438780597857137
4086.413337580703,24,1936.8427135929705,29.564240472217136
7402.503696568245,15,1280.837878317226,1.0130303578395305
4200.168997063643,13,965.6550383325547,45.72221315255403
1204.9123219448732,18,1789.654623725799,14.862919652128726
2492.8216086229863,14,2016.3033696489713,25.312670909718065
3591.882482948568,21,2535.1635894122737,6.251239207627777
4352.190897235829,17,1020.1098939639146,28.25827985921962
6120.713876056182,26,1779.5678740323156,36.98660118366017
4378.240293504748,17,1336.0795024825868,16.023983536929723
490.01428959945866,20,1813.3434842096126,24.040501682205008
1354.8978752888927,19,911.8041795074997,15.23513340866565
6418.343464541069,18,994.8920897205744,56.12946326785022
3515.050221651666,17,1189.6500707334064,17.222364916369457
4665.1428330353,21,1531.5856182672337,46.098756897874985
3170.6684031881505,17,1243.5674933846578,40.405528951628945
2483.916977130176,14,1763.6217375653678,13.212218443653528
3264.705165547823,25,1910.7578473031658,6.5368624960045585
4706.700577467077,23,1739.8310164981424,13.025355987058912
4176.505388331285,28,2147.5150558643472,43.748751171011584
8044.123042868625,16,1666.3306517821372,6.457371308333783
976.7904795045392,18,1013.2413158639331,18.58136345372852
1128.8844102174369,15,2045.3506054153358,41.009898628500515
3482.524618295777,15,1257.937505757601,10.903681003043985
6169.9339890375,23,1864.167399874228,25.69520105797872
7128.47252777457,13,2129.4936866220423,7.046860043294474
2569.2148116530366,27,1682.6752042921596,2.893113296725752
151.0970682356145,16,901.5364747341401,39.543650553559274
2640.632829777309,20,1132.7151333960833,2.6053799448618005
5563.447757007762,12,2029.0977867540541,7.915121489244832
4117.449409794157,16,1432.3509257428734,48.2944113976646
6329.9133962189935,21,1531.8294139768664,10.634143735948085
9344.613598763768,27,1803.5297664654438,90.33998591856171
3675.671943393663,23,1778.5291448321293,97.47067982707163
2893.4813403591843,21,1611.5199249541843,7.808797831365642
1913.6936216371967,20,1416.5326515118136,1.0460373886291003
1122.1108651826628,24,1374.932621707057,30.524861709642703
827.2635692010107,18,1843.159530116537,14.990806310870694
2358.810436522077,16,1721.4278124271173,2.654933975049541
8504.767965101672,23,1397.079999752884,30.734215723839785
6759.995180313468,14,1932.8449251972563,0.7917797035945051
2781.9900820146445,18,1448.3863539480865,51.04337445147715
15727.757377917616,17,1159.3351302662427,3.731432232857739
2501.533459603194,12,1196.411720438662,3.4044259098705836
9938.334344602055,20,1108.5036654760936,4.829678287323653
11511.431689688661,16,1391.035993358525,80.63892642442312
5834.512207309608,21,1993.4897113344773,29.53648364202719
2339.7730278235304,17,1177.9619275877965,40.4079802919422
3095.316103669487,20,1575.3903044072413,12.672292035715193
4791.593903053784,15,1237.3242617490346,10.24860539018511
1155.7879908965056,27,1395.876383491425,6.6801292898022195
1751.7047486435354,22,895.9835152058992,16.37933632157629
1618.831713897565,13,1411.784708337385,20.06449571008619
6149.787696127721,16,1422.5178480780153,24.976517250239542
9284.647609377394,16,1716.115177614278,7.430468523165114
6944.476865643787,17,1589.3123653021482,74.22924545182927
8279.030777462838,18,1020.6431500191819,4.650966362459904
2170.3157890399434,15,1933.679297617417,84.2811422160932
3209.580805998707,20,1584.121216088798,0.37418949891787584
3408.4056943861397,17,1579.3574068709947,16.402340147784514
5818.028408483513,22,1496.3270586459444,10.137921665561434
2415.7036910212496,22,1292.897021111112,14.906111916036707
7935.952900245401,17,1587.1209358994904,21.137919959384615
11302.730646331871,15,1690.235374371433,14.29932123575508
6030.007194204086,18,801.2417234617781,13.397041791404888
3096.292600325449,17,1284.4956650615618,32.98678148562095
2002.6331777987468,16,1398.0212118385643,28.949208557390683
1622.4462425849945,14,1602.4682422777112,44.78468076831221
497.1059026931991,14,1977.3244023708503,7.1906845566660955
3492.59114735931,21,1191.303674161287,23.510008017517595
3335.5889595859876,12,1300.8152612728632,21.99865578322161
7606.539639794636,17,1294.98635574138,11.54048432386646
2553.890668091532,18,1179.3889639581835,16.641099225519003
3650.223604378167,16,1361.125401955095,9.414003157913774
5146.850755054959,21,1808.3208879951885,3.8242460294550638
5960.65032418142,14,1078.4658018542618,6.013640147177698
7016.976407822145,14,1671.1257580611614,2.78764080120569
4778.644016758912,17,819.2391079926658,28.726825232229153
1226.2132859797991,16,1275.4648014231177,27.023783615916646
5594.358834456339,20,1368.2042799128055,75.1983460614116
2398.1559273779567,21,2169.943869165626,32.703574204197615
9577.17504714845,23,1390.0790780989248,1.3362282753611767
4235.698142340049,21,619.5026106196327,53.907022324165965
4992.996804409593,14,700.4444372555,49.63515215810402
19467.22606629808,16,1513.6118345386724,14.644132166380738
7101.666551409818,14,1745.5083423159635,22.038964100785567
5521.889785025394,10,1650.1823430509012,93.32426599105459
3735.5865844759805,19,1567.028042320396,18.998438618419307
1332.7321053249266,17,1964.9038390022667,58.93179514087188
3527.800948147093,18,1284.1635117051474,2.1672518374241374
1980.3173953025278,9,1857.9642224107301,5.300511964392883
12214.062682523774,15,847.1940459894331,14.529187951581157
5574.6774268341205,13,1138.0208668247735,21.972273159456083
9344.945310198009,12,777.1834420272735,42.35146535182102
2492.2013277709166,12,1390.061879732083,111.12334115831035
2112.1250201491816,25,1481.495513093463,12.31038248454672
6628.7464263046795,23,1545.6405968906079,1.2144151230480171
1908.5311036452447,11,1524.753341154854,40.38281628618721
2908.246584583187,15,1128.9786676753088,23.182573550142678
12595.159330112203,24,1423.9036622347137,5.53309454212626
3005.3596355111135,15,901.0213325577006,17.071430438243528
1060.7264741095003,16,2045.2915900529001,33.899972992874126
675.8359291275133,18,1378.5495708407996,36.78669883153801
927.6254814418334,20,1304.4455523825236,17.309607390704798
9714.426848974508,15,2135.576131377633,9.103803937803153
2627.287585770668,22,1003.1013865803084,90.99516852138717
19077.628965807446,20,1049.7651543872123,27.218723120839268
11388.58324630803,19,1061.511870052574,13.116248492961008
14574.012744207474,16,1472.8514473202072,8.228691024306737
8422.759230279902,16,1672.652651855039,32.83567022813368
6386.532913147767,13,1795.8701872471333,6.932848382155994
2044.530477033901,27,2528.7981269979873,4.7097982764774295
4155.785138583861,22,600.2270183196945,18.86673047446572
6842.598755782905,22,1743.4942356497668,8.561813806629747
8072.936213353181,20,1277.1477709711075,24.782439374835192
1461.3603925526752,20,1265.4339404444906,3.137342394284184
3572.365854904808,10,1252.091148698449,26.601004128031054
3905.4721089101563,15,1136.4921316768107,8.327327289123774
3785.9508903341075,16,2173.809933841381,0.006074098696560924
1658.1971371299178,19,1836.918930805561,3.3936620366323687
13472.577450106079,16,1509.2783914229499,67.80724608059442
3477.6050231075337,14,2040.4063009948002,50.501904290242535
1773.8490596456174,15,894.9884138804498,6.651570935272419
13688.929011788035,19,967.7179474676295,37.66886369008704
11395.736875938312,16,628.8129071221249,23.448816229321885
4638.116418302607,14,1220.234183950685,88.42947558516488
2836.2724259125534,22,1564.6794106819011,11.694379234060458
848.151280927061,12,1541.1434311729336,28.600228651242336
6053.8416617574085,16,1559.736764423952,1.6410975607986131
2673.0154378472175,16,935.5772675735673,12.61476698795056
4078.4920901203,19,1821.2618970456087,82.979603933205
12903.214974141656,16,1595.8510072955992,19.357893743826004
2509.5878261514686,13,1793.2217125863995,8.487703624996122
5870.141768042705,12,742.8951289639792,3.2035332892715305
7160.491876661923,26,1624.5963435191159,30.395091187810273
9513.516685374107,30,1024.8939040329892,25.880801505967916
3851.7077533669176,21,1341.0706989794553,11.707675277066805
3543.275650078537,24,1713.7459594545533,75.36846989722137
3477.619920465967,18,1536.4374425023652,0.5613251423934837
5468.354133761176,16,1159.3840080882724,9.050223311032333
11079.603330084508,21,1502.5092624737674,63.47968467448023
3351.4462793221046,19,887.3858739025428,9.67597681167661
218.0851019750693,8,1960.1069583593185,7.267259283058773
7720.744774551443,17,1417.8863922014996,19.101068485829117
4386.639635963773,17,1947.4199777021304,43.40363742434929
6063.5313172475735,29,1289.3873251615828,2.721576083219142
884.5747497093485,18,1290.5696046373669,71.62668510712635
2681.783182908034,25,1194.3252853448614,39.627522025302945
7291.796028293515,21,1850.4695726772302,4.999420103918925
1287.9710187429077,16,1216.2275370686098,31.12056105693608
5860.638388745053,23,1757.8381729660705,12.151647394134999
4052.6896259645,20,1347.0190409322838,12.86643547966871
2217.0390271951487,17,709.6146800433521,38.229891282839986
2060.527400785551,17,1271.8743728854135,82.27595533639588
1672.84710985119,17,1028.3567142548607,3.385640290905151
4368.924692522513,16,1513.561089472935,13.645359538610293
4762.466318482671,19,1023.8369057302039,16.393472340919256
3090.8011889683057,15,1870.3900402858467,11.802618554158517
1575.864188590272,18,1463.569655858789,11.282064125161579
5740.4451333801935,28,1428.9616020965045,1.3421055373657125
7817.993044065775,18,1762.356855115033,28.92235025658299
6501.461935264401,18,1885.562773630345,14.327031799162782
14959.640137242814,15,1491.9604992921393,5.416422214484054
3603.8080637151493,12,1191.5198801802837,42.32504039199865
10365.69756031742,20,790.4121535551483,40.55810818832424
2410.2189932374263,19,1225.580097185928,16.657355657231584
2082.9316428070833,21,1253.1151013408153,8.861601213815296
4575.255809071967,21,1542.8229811969186,25.409181214425214
11917.52111976636,16,1361.9412475447891,8.497276606158422
3294.0291533365366,12,1775.1731888205713,6.729946746858697
883.834177179931,22,1254.8066914917242,32.781031624430696
7716.190089130698,17,1477.1835332588232,1.0290210824752268
3920.463228142045,23,1973.5949772787558,2.489113372274374
5207.177724588736,24,1636.7300855819867,0.17028296188464281
2180.7879992270337,13,1475.9849833245742,4.1496877599863655
4543.041398331892,13,1259.2222232259292,1.7871317495029915
1035.1209762870608,18,1246.7074413140092,136.83086674467717
13608.569529142129,14,1159.754698819221,8.52039033440822
8714.954348948895,19,1283.5972536868403,4.041453462976574
4389.528768655304,20,1802.2663354977258,6.8937142855501055
7569.479802464089,26,1411.2446914830925,68.77090445722645
2415.6327750953715,15,960.0907722475075,18.357575719265835
8453.230510825586,21,2207.267717223913,11.346096465117084
3176.888373347982,15,1627.9860764580653,51.66638246193324
2994.956632840974,19,937.2226397947322,12.562768483586723
1781.745060425531,13,1323.2604291036705,10.19952813909382
5688.808422867202,21,1544.354553131367,5.807209784531056
4245.3244642894215,14,2181.836837318951,11.862214747950459
10588.565085468535,20,1056.7550166964522,9.519959567672535
1592.3710580733002,18,1890.4162877423787,28.276111232102274
5707.529661709801,16,2059.794570788937,8.547568542446019
9293.911482182788,14,1248.538277970172,21.521385630720278
4826.053803695947,13,1388.9945524559066,1.7040848104955462
3127.6067590514917,17,1085.4763010504919,5.307846266407708
4734.364266130707,17,1418.6155435678781,13.081113490379845
10029.972864804773,19,1485.3640102628276,69.0953845828408
10027.176244950864,18,1763.8599992329482,11.840332836727264
3797.1009017750484,21,1936.0733884081787,27.27161855408648
9911.010306603976,18,1200.7615741513412,7.362203613308388
4093.2952454824135,25,713.0699743096022,3.396454608314855
7511.228561135928,19,1491.5020882895033,1.5079951465647885
6192.061055114441,18,1617.4150119874562,9.110964310236108
3025.8557798796496,19,1599.7670750740167,4.289319118812557
1842.3453095639088,18,1369.3307009963823,4.779328861777246
9458.919508272214,10,1549.9008398655737,35.75712889836197
11257.890277703118,23,2106.177923340899,0.3991208355210019
5610.251402787363,14,1652.6936675850038,20.400397734083327
4089.062523046587,22,1350.6526299987663,11.929185927543843
1402.2238364916461,19,1299.9208731616018,17.658343554469685
9295.527809950116,7,1432.0590569289077,20.685842153239836
5149.481578728345,23,2154.695984732256,9.398908689761262
3385.669554372959,23,1426.679716189521,8.742797492537088
7658.839773120591,17,1492.0822621917168,33.05032020004174
1157.3627105544538,17,1307.0745716254787,51.25230944714756
1700.2036046044038,19,1939.5933429767858,5.347833045586202
2339.7080018708657,16,2283.93490189787,2.567954701364252
6055.115882566842,16,1680.2452197725554,57.0195642177063
4773.554429366485,19,1533.1091615141704,10.765552596639633
6569.287605338456,15,1514.713133269694,20.035988115897315
8872.411849308106,17,546.2772844857018,11.139338015028745
6736.172615337559,21,1798.0603457139268,3.3612192277436095
13798.317622500323,16,1553.6665663983374,22.249232805916222
8858.427717956904,9,1671.33682026429,18.618426224063683
3790.0893643222607,25,1215.415122366518,5.672312972715936
2666.7129038758208,19,1346.2172484091634,15.031026274254492
3881.248763582406,16,1335.5900253987309,39.85726831159131
6901.458110409041,19,1908.6491936292155,22.31594838945808
2913.257303669453,11,1348.4960653587627,2.548529403006633
7034.958190465241,29,2333.064128843919,19.853016513059483
6485.034006738848,19,1672.344967606015,30.328559524715082
1818.0477964564761,19,989.7269360017074,39.34011722279962
8746.315120067015,19,1448.5814826992173,24.796754753701975
5468.051624642298,17,1239.3299511374337,4.141277049274879
13360.615124177784,20,622.2470120719903,30.961800138977374
4104.30390049126,15,2139.7883760455156,28.279046580143298
3262.7577195406293,20,1781.2570168880015,0.6182542077431938
1607.2231237674391,18,1713.282927159725,13.264982159626603
1583.1944855903764,19,1566.1614641198817,10.122266089701695
8047.893989631903,16,947.192972523025,27.672064656408846
12485.156766010316,14,1306.5531441778253,6.087987590654899
3838.567902087151,14,1836.7123099136052,22.343175629933626
3645.20244962866,17,1079.5119880869988,61.105433604244844
4396.873127870295,17,487.2922734996745,39.96274261139306
9154.075570787956,24,1409.1575968876296,63.602960173217916
1833.1016416426269,18,1443.2969783889846,95.99949785301516
4984.320466971679,16,1554.2253665658836,0.26818652542077764
8173.12872377241,20,1791.4074574058145,24.370601433840857
6002.211510263898,26,1755.0423248924835,13.311422455220493
114.79744027390845,16,1603.5079220975686,49.1268510344721
6759.769911360434,14,1978.2125552346838,7.252615177490161
6043.9208223131445,21,892.4120876746741,99.12173910486743
10358.482513896912,16,1701.8327257909561,23.779040999376843
11837.061507697512,20,1750.615345334777,39.44090018952283
10014.4270142826,22,1004.1750855679043,2.2371669365672116
4414.900336465449,24,898.8517565270442,5.066919692305868
840.0658529580372,27,1201.6231494097594,35.51217539982956
3624.387245947063,16,1235.3834229938832,0.5557956974098239
4308.983213766073,17,1801.3677854009723,42.44006511414398
12381.053373007884,17,1254.184486523562,0.3511805133887806
2200.3831210584995,14,1157.4605926875183,26.759284035425978
1193.3953099039238,15,1255.3465053221764,11.356954922636447
2929.0086827846494,13,1947.4529336616847,23.636221503704327
2307.616403249517,17,1505.2173497507808,29.77077238443013
1076.4227069719557,19,1428.2995898572353,10.481820654748974
3904.158864850057,13,1455.9978005195794,2.856176218944813
4438.443604013456,20,2016.824133730609,1.804749448712235
1010.7325074892897,21,1200.3313093587033,22.22516034338155
3246.2535178772027,18,2026.2033163760416,18.383385706464153
2180.0222633719272,20,1584.1985195686016,33.88937757103288
4549.046727460396,18,1435.832247209861,17.820256450042265
4893.328173669984,21,2500.3601991737123,13.723824272882714
2180.414322543932,17,1077.7442040805615,12.691066462645606
8693.641478782038,21,1358.5256961731975,0.6700728217780105
4235.828899859231,23,1007.0275043344,10.220162171165832
2272.9961413993205,10,1880.9847882144677,93.2635424599775
941.8553908008712,17,2175.6755734606713,51.69881012788052
5089.645208860428,14,2167.9691125618556,9.98874347511038
6033.680051602475,19,1989.579501258402,22.155886581192895
2793.965887236893,15,1420.9518128816137,46.981468854625454
4658.622764542028,23,1353.9036090040613,14.552417242693917
11836.688420917508,14,831.5320910023739,0.4530265735871189
7783.206760861835,15,2314.349414072717,1.9358112749107461
365.6971848975152,18,1687.591231259387,17.853792034204798
2249.9181583135205,13,1303.2172380522068,87.20107213595632
3757.23143173147,26,2031.222755594787,29.539757809525756
4419.659450443442,17,1110.8941932959997,1.8389082625143507
4735.045015287492,15,1662.6488136890696,5.248307505338853
5761.97435106249,7,1430.948346283666,36.88613444314133
3856.5057943837205,22,1755.4708559521205,46.040517362576196
4227.800133713003,18,1474.5705843255514,24.038386930504803
8062.06347684458,17,919.6288435555103,25.850348347611618
5163.753864252091,22,1530.230549068015,0.7186676493971006
1458.0930321321862,17,1919.5456567501449,44.0837117163035
4526.954379487559,18,1488.313437658406,38.8116999847057
3765.429560968266,16,1810.0460486356344,7.495052068763256
566.1787058476853,18,1081.7882057303786,30.833042512021958
4704.18899101864,13,1489.495682692059,6.0471590901159145
1652.113266328063,15,1250.195817964569,1.0291492858881075
8144.131206407514,9,1798.792336041884,5.61413099180816
5703.101227607885,11,1512.5966249047983,4.919505840250805
1379.5534152820069,17,1776.029470534645,10.30272814741475
7892.9560979895305,15,1935.0841704631464,13.551436539231052
10470.273206406688,11,1776.6474300485554,17.759311767502382
3410.6264466618736,16,1609.2473737174578,16.192583107319493
3748.0456665964552,25,1100.715096595438,7.890882246510861
7369.611012568265,11,1498.8855557332395,0.740114798029312
9953.316152392525,29,1286.7638391936666,23.228170466686468
774.6728471057152,17,1362.3744173183095,12.59396757803242
1544.2982128332292,15,1350.1863396998997,8.869495569948398
2976.4369127992095,18,1108.0297700871022,50.424074049860124
3249.464944154826,23,717.064564346404,34.33379277309371
7223.560360631175,19,1232.7427806688934,48.756962877379614
9987.77888763434,18,1577.3517807696637,17.079069510270685
10489.484839507468,19,960.7291818290039,3.508326134230678
752.8588974154737,22,1506.2728945886497,29.786406282194804
2069.3851049531863,16,2260.107369724386,5.769118597193396
2532.0925566057563,17,1909.2226221008957,14.550418682582327
2061.8374030132973,18,2157.4166036482115,1.680239837235218
5690.643643255826,19,1656.4511507730904,43.61832898237994
6190.172742822218,22,1967.0039291945784,3.3651747302798323
4187.428843641868,14,1210.414107812885,58.351250834276094
3887.9336355273813,15,1242.2638931912063,49.91993593188677
3082.91808298127,20,404.343917545011,15.61772391203399
3385.9756472597924,19,1974.4581896169195,34.10042919771426
11749.033953846796,13,2116.1295919279546,24.153118986303056
6845.146113733479,24,1278.729101861092,40.62338988093939
3179.4637659026703,21,1398.419317441106,14.13226966745705
3829.8566689623813,11,1198.4551545236154,38.52211826842097
5785.145556545306,17,1653.0614205909967,15.518654546588026
1379.1083333711235,28,1949.9730181212963,70.74095340157682
4645.250274289846,16,802.8912104475836,16.656405181459935
6583.85564673812,30,1663.7754122569008,15.526211121902605
6001.183656996567,16,1389.3312913123418,38.436288663883694
2106.2099807967206,20,1545.3577567866757,43.090050511755166
2466.9359023127085,21,1683.5976006697165,20.213339940623744
487.0505966167701,16,1424.7190244908716,4.9551100052127754
7076.683561242966,18,1458.5652586376877,15.766435994644134
15085.515244697766,14,1414.4499329781445,86.10719156819465
1848.0186867060415,17,1888.1264807153125,34.95777613224122
8825.80396772376,20,1667.5039840509985,41.67172430526128
14221.811110767077,19,1588.2334150949443,0.8344085893136066
2838.0861030544156,20,991.619311563087,15.77119141364519
3833.9887378524813,19,1348.5681027147384,26.005363045996365
5040.43278391802,14,1859.4676641356696,44.30372792628212
5865.7579179693685,17,1515.078629249569,1.263225283755547
5242.071397481619,10,1763.8125878356554,47.83782135959461
3026.141531535834,16,2206.6047201310535,19.874013024556987
6511.964674179427,18,1915.4424276835266,5.494790961900517
3083.976139520405,15,1537.263335079897,9.540853975214763
5506.102997072897,14,1295.6043319217092,8.279689935236123
4072.9331379510536,21,478.58016157764064,18.921299728696045
664.1700340368245,16,1432.646031010859,1.3267317601557658
9710.667201071172,22,1369.5950016732604,4.315305884429412
2524.6968048178824,10,1656.1464777581502,41.87516321520697
10363.100401535263,15,1438.4379092101249,3.556491210157917
8588.927530515575,23,1371.8459762252824,6.644631492504503
4929.494765275196,20,788.2404277971117,15.099605753491153
6085.039346225436,16,1124.0128683399735,18.1997235651311
6615.275194456386,22,1690.660416320223,36.05685811104822
3561.6605256855605,22,2186.3630524530777,14.82496478561814
3697.2556368351266,17,1460.9898465017507,39.00008235585635
6390.952248880355,14,1631.1244294296494,24.08104111246243
4106.575626523809,19,1880.9912627811223,3.0005687198545945
3034.3114048939556,13,1175.6424255199001,4.249889025760228
2136.886057735453,19,1646.7256173141768,14.363388893616264
5623.335871755801,18,1203.8039574671366,12.641366784068053
2453.602627316817,19,1845.9297753964045,34.019980511135515
7615.799485023315,19,1560.5612191806931,21.731430111090134
8062.005400813596,18,1619.3807255925758,12.28101181835285
6051.710984292258,14,1186.9605610325643,4.681150053419096
6972.382326170809,15,1782.8129438443138,6.431637955442077
6064.522232763825,18,2333.8851684924066,21.42114181135028
7320.6348507166185,15,1096.8353218287175,13.766844888914598
7106.04101661923,12,1364.0963969409904,18.086423323674197
5407.0041546589055,22,1592.6429896672366,4.6786524641166745
8662.812430120006,12,1814.5624847983265,27.184855109041706
3662.2183401134394,23,1276.1814858842124,47.8547446892936
2195.2587476968,20,366.78788394290405,7.4581127974136905
2096.7291555953557,18,2043.67579766561,16.907950998882885
3249.663896372442,20,1804.202447833657,92.75495635680778
556.2012381991951,17,802.820987805334,10.133193209282101
4893.676947847784,19,1256.9724832881777,22.599566258348748
6677.092765351771,20,2127.2729718109304,2.363143944100573
7984.303043925811,13,2079.1185673831465,23.286061194203928
833.8732900682764,13,1875.456009071578,2.3476529149409395
2157.9498864662733,18,1429.555026416055,79.9985521946648
7458.074166131858,12,1533.194967525004,31.43984752336508
3571.88037454965,20,1447.6296779495494,38.79807515298287
6572.333470888605,12,1951.295913307535,30.443711425000053
1310.2770197851921,15,1149.663037401956,22.27343624888645
10281.67546046685,15,1177.680138046318,14.941960837088478
1209.1738052637793,27,1904.1098347344064,48.86402798384659
4788.651430285146,12,1482.2554177953753,78.56851905823494
4880.631401928503,15,2051.3869421815234,17.280534547731776
2772.816661593038,15,1231.3951172077818,67.03583327900262
5900.954702545013,26,1478.08865586447,21.886693033171454
6020.244043064696,21,1131.0348060624187,19.32555768045591
5565.843027145572,32,1502.9450725694269,15.150520514981617
2730.4075039952486,23,908.5812252004804,5.870529300142854
2302.630874803609,20,1304.9466316180149,0.09316489898208274
2980.389468536731,25,925.4984540287529,6.910517241543462
2036.0668908458895,17,1777.5692932765032,17.81962728734707
8933.078280660246,17,1786.6357359038607,11.94928024749037
3195.458352892012,26,807.894907806262,14.877166388015276
4687.880639058711,15,2033.5542982002291,98.6242712886347
7437.269854561875,16,2498.9660505679417,10.780050892744434
1947.8483401313003,16,1518.4025546945363,15.045346967929474
1157.5121481510805,20,1243.5542959101422,3.5827779326894253
2042.4049337710849,15,2629.7322364012184,1.228646161893041
5072.826629349852,12,972.4126006789957,37.33691499909432
4823.226652446592,17,1508.0425867476395,21.139002824495623
5558.208586757522,23,1571.8489090527694,35.75143420075054
3842.3199537475493,17,2038.0590481809659,4.058938236220461
211.56815931880158,24,1643.8955900507153,21.20580240189439
3748.1346275761994,19,1300.5464416846194,7.313763416756136
8123.665194669727,22,1119.5262518448176,6.471270146703004
9565.081322198675,17,1363.2712719015458,0.28982383531833106
4459.40793184392,19,1097.2290556219423,3.491344508232909
4836.495928879932,21,1519.1301279138731,9.25008838931478
6486.7838843946065,13,1274.3215280558054,3.1073195957370867
9385.111344353041,13,902.3848826840998,106.46593320849269
4168.370878843587,19,2002.0583153499615,9.22709933751072
6423.846663537707,19,1300.9309906283843,3.4908622301334105
2630.42460111724,16,992.7452780098749,5.549927494398343
1338.1522255846753,19,1432.6963462049835,22.150296734467677
2868.3305968371214,20,1527.3486263870634,1.6546575860310022
10832.30849036494,21,801.4133097683865,49.591310576653896
6514.726240554938,14,1632.6590668503052,81.42721765551094
1465.9494320104475,12,1081.1369725238942,7.083866917648522
6726.871521939865,20,2184.411523676315,14.950255784473068
1576.339855893689,13,1709.584204830694,0.5595773472056099
5503.418317521235,22,1340.0400039562733,25.590651065534637
1880.7449882743585,19,1201.9328918730598,13.357732914190542
1386.0897752641597,23,1458.0129169745505,7.869770964929898
12034.926917625435,20,1745.1162966333159,5.793166734558499
3193.501614481936,28,1489.80234856592,26.534580114614403
6432.381771537279,19,1413.1364771452575,13.455649842621927
4300.132967105899,21,1523.3481163271583,4.950888095937931
1696.9100324138778,14,1258.456427505218,29.20782931646766
3471.555078999018,25,1362.7176292627848,20.814385740032833
1710.8471421527568,13,665.6830244379984,48.91680594115496
17811.144814208496,18,1889.4904923409472,3.124229512315811
7246.611432787513,13,1619.5191121287048,38.50556353606988
4239.596434129986,14,1190.617662386628,27.98441865088449
6193.681660263257,20,2259.4939925420954,3.0544998012104716
6928.283471133294,21,1534.8065921569546,29.671397603300004
6940.994945887633,17,1085.5425712099213,14.564633382097206
6737.451010684585,15,1842.6949685881834,72.5036376436564
6383.475014423468,19,1659.219286603705,3.817457768672445
4504.127824077017,25,1657.8319941936877,25.73882284191579
11432.237809470551,24,1329.6977581393637,12.030863328770298
4721.372559050937,17,1680.198289511214,78.55636096048137
4333.073434620749,20,1395.2966839115622,10.011002439577307
4751.537486932742,14,1722.376580658337,81.87683702622321
5004.657818928147,11,738.0222183957445,57.93887743681593
841.2447436313287,12,1326.4506148083244,7.880896564187386
2023.9228386793102,22,2188.862039123278,40.6826368747763
3842.2190270656956,12,1193.1730178398798,135.67765374151327
795.1451418919014,14,1258.4646810027252,7.280976515047649
4234.441709107479,23,1320.81546462001,14.351998438421015
4956.483704177679,20,1014.0775456445426,18.358644512530077
1279.3213195789638,20,616.6876895086991,8.73649503073475
2477.159107850793,20,1407.7654405905548,0.3845636674972267
